data,config,gat16
GitHub,0.08975929021835327
blog,0.6747927665710449
ogbn-arxiv,0.05643448606133461
